#,Owner,Listings,Phone,Email / Web,Location,Listing,Beds,$/night,Listing link (message here),Owner profile,Grade,Notes,Status
1,Lux List,3 listings,,luxlist.com.au / IG @luxlistau,Southbank,Lux List | Luxury PH @ Eureka 87 | 360 Views,3,2659,https://www.airbnb.com.au/rooms/1343806572603293654,https://www.airbnb.com.au/users/profile/1463930301874524971,KEEP,,
,,,,,Melbourne CBD,Designer Wellness Penthouse | Riverfront Terrace,2,1290,https://www.airbnb.com.au/rooms/1620651643061305856,,KEEP,,
,,,,,Southbank,Two-Level | Top Floor Penthouse Melbourne Square,3,444,https://www.airbnb.com.au/rooms/1487273696165929567,,KEEP,,
2,Property Mums,3 listings,1300 776 768,propertymums.com.au,St Kilda,Wattle House - St Kilda,5,744,https://www.airbnb.com.au/rooms/1749688726476293412,https://www.airbnb.com.au/users/profile/1463014722511919481,WEAK,only 0 reviews - unproven,
,,,,,St Kilda,Poolside at Kindrogan - St Kilda,4,600,https://www.airbnb.com.au/rooms/1537088355834091002,,KEEP,,
,,,,,Hampton,Luxury Parkside Hampton Home,4,,https://www.airbnb.com.au/rooms/49568742,,KEEP,,
3,Aaron,3 listings,,,Port Melbourne,Port Melbourne Luxury Home,3,600,https://www.airbnb.com.au/rooms/38677855,https://www.airbnb.com.au/users/profile/1466776043642138120,KEEP,,
,,,,,Port Melbourne,"Large 3 level townhome, sleeps 10, 500m to beach",3,410,https://www.airbnb.com.au/rooms/15574563,,KEEP,,
,,,,,Port Melbourne,Spacious Port Melbourne Home,3,,https://www.airbnb.com.au/rooms/1243780642039732278,,KEEP,,
4,VShine,2 listings,,,Port Melbourne,"Tide & Timber | Villa Port Melb: Parking, 4 levels",4,878,https://www.airbnb.com.au/rooms/1317935066975847688,https://www.airbnb.com.au/users/profile/1470261221130719943,KEEP,,
,,,,,Port Melbourne,Captivating Charm Port Melbourne. Parking.,4,500,https://www.airbnb.com.au/rooms/1315432717580180476,,KEEP,,
5,Pemmy,2 listings,,,Port Melbourne,City Meets Bay | Resort Style with Pool Gym Jacuzzi,3,661,https://www.airbnb.com.au/rooms/1271360391799490700,https://www.airbnb.com.au/users/profile/1462815032545619819,KEEP,,
,,,,,Kew,Panoramic Treetop View | Mini Golf | 5 Car Park,6,,https://www.airbnb.com.au/rooms/699615551648408576,,KEEP,,
6,Joshua,2 listings,,,Prahran,Rare Large Victorian Near Melbourne CBD,5,579,https://www.airbnb.com.au/rooms/1509101711432983013,https://www.airbnb.com.au/users/profile/1462701570837762439,KEEP,,
,,,,,East Melbourne,Exclusive Large Luxury City Rooftop & Iconic Views,4,,https://www.airbnb.com.au/rooms/1732324896847894909,,KEEP,,
7,Jennifer,2 listings,,,Kew,Charming Red Brick Estate in Kew 5BR & Cubby House,5,400,https://www.airbnb.com.au/rooms/1514023732190780479,https://www.airbnb.com.au/users/profile/1463727983677076065,KEEP,,
,,,,,Balwyn North,Grand Designer 5BR Home with Pool | Balwyn,5,,https://www.airbnb.com.au/rooms/1630188583591775902,,KEEP,,
8,Leon,1,,,Southbank,Melbourne Skyline Penthouse with Private Terrace,3,2792,https://www.airbnb.com.au/rooms/1593433201247922739,https://www.airbnb.com.au/users/profile/1593433201920360670,WEAK,"brand-new host, no revenue history; only 3 reviews - unproven",
9,Marie,1,,,Hawthorn,Grand Victorian +Pool 8kms CBD Public Transport,5,1632,https://www.airbnb.com.au/rooms/1527305149521283878,https://www.airbnb.com.au/users/profile/1462970448607568241,WEAK,only 1 reviews - unproven,
10,Trang,1,,,Balwyn,"Byawatha - Prestige, Luxury & Timeless Elegance in Reid Estate",5,1621,https://www.airbnb.com.au/rooms/1640344768535295683,https://www.airbnb.com.au/users/profile/1640344769221363980,WEAK,only 4 reviews - unproven,
11,Sheryl,1,,,Ascot Vale,Newsom - Stylish and Elegant Home with 4 King Beds,4,1299,https://www.airbnb.com.au/rooms/1222090880021353302,https://www.airbnb.com.au/users/profile/1462597618162976694,KEEP,,
12,Diana,1,,,Ashburton,4BR Brand new Townhouse in Ashburton Shopping Golf,4,835,https://www.airbnb.com.au/rooms/1312642570589102020,https://www.airbnb.com.au/users/profile/1470276781337953478,KEEP,,
13,Paul & Dan,1,,,Brighton,Luxury Seaside Estate with Pool & Garden Oasis,4,802,https://www.airbnb.com.au/rooms/1578645915384258170,https://www.airbnb.com.au/users/profile/1462520062476593874,KEEP,,
14,Ann,1,,,Toorak,Entire stunning home. Perfectly located.,4,800,https://www.airbnb.com.au/rooms/15195089,https://www.airbnb.com.au/users/profile/1465342558446928864,KEEP,,
15,Linny & Kelvin,1,,,Camberwell,Spacious luxe 3BR in leafy Camberwell suburb,3,780,https://www.airbnb.com.au/rooms/938015115047823006,https://www.airbnb.com.au/users/profile/1470042745098099249,KEEP,,
16,Saru,1,,,Williams Landing,Modern and luxury house with ensuites.,5,733,https://www.airbnb.com.au/rooms/1578730483035795322,https://www.airbnb.com.au/users/profile/1578730483687711633,KEEP,,
17,Si,1,,,Glen Waverley,Family SunCozy | Near The Glen | 500Mbps & VR,4,703,https://www.airbnb.com.au/rooms/1117255266003426384,https://www.airbnb.com.au/users/profile/1470527854190702122,KEEP,,
18,Annika & Amon (StayAU),1,1300 922 188 / 0425 731 425,info@stayau.com.au,Balwyn North,StayAU Spacious Pet-Friendly 5BR Balwyn North,5,630,https://www.airbnb.com.au/rooms/1755492489051538263,https://www.airbnb.com.au/users/profile/1467339367732589656,WEAK,rating 4.53 soft,
19,Gary,1,,,Port Melbourne,"Funky Port Melb. Warehouse meets NY Loft, Oz Style",4,599,https://www.airbnb.com.au/rooms/46626287,https://www.airbnb.com.au/users/profile/1462587292624474011,KEEP,,
20,Thea,1,,,Hampton,Luxury 4BR Hampton Oasis | Beach & Parkside,4,590,https://www.airbnb.com.au/rooms/1563617226495823586,https://www.airbnb.com.au/users/profile/1469911667746483436,KEEP,,
21,Sachin,1,,,Cremorne,Richmond Escape | 5BR | 3 Baths | Walk to MCG,5,585,https://www.airbnb.com.au/rooms/1730425893100794756,https://www.airbnb.com.au/users/profile/1463885997759297492,WEAK,only 4 reviews - unproven,
22,Sophie,1,,,Hawthorn East,Riversdale Retreat,4,570,https://www.airbnb.com.au/rooms/1577322936670045970,https://www.airbnb.com.au/users/profile/1465399864554623734,KEEP,,
23,Nick & Helena,1,,,Elwood,Luxury Family Home - Walk to Beach and Cafes,4,538,https://www.airbnb.com.au/rooms/1723066491267161926,https://www.airbnb.com.au/users/profile/1723066492038857425,KEEP,,
24,Exclusive Stays,1,,exclusivestays.com.au,Southbank,Exclusive Stays - Southgate,3,500,https://www.airbnb.com.au/rooms/5292492,https://www.airbnb.com.au/users/profile/1462833925220855416,WEAK,rating 4.73 soft,
25,Jane,1,,,Richmond,Stylish Richmond townhouse - walk to MCG & Swan st,3,462,https://www.airbnb.com.au/rooms/1722792198627927120,https://www.airbnb.com.au/users/profile/1492217829036265423,WEAK,only 2 reviews - unproven,
26,Kali,1,,,Fitzroy,The Glass House | Fitzroy,3,433,https://www.airbnb.com.au/rooms/1140016011104381154,https://www.airbnb.com.au/users/profile/1465380605868659446,KEEP,,
27,Komal A,1,,,Brighton East,Pool - Large 5BR Home - BBQ - 5 Car Parks - Central,5,400,https://www.airbnb.com.au/rooms/1740293336730134118,https://www.airbnb.com.au/users/profile/1738800183785441628,WEAK,"brand-new host, no revenue history; only 2 reviews - unproven; rating 4.5 soft",
28,Katherine,1,,,Hawthorn,Luxury Architectural Residence (Hawthorn),4,400,https://www.airbnb.com.au/rooms/15290802,https://www.airbnb.com.au/users/profile/1462538049522511772,KEEP,,
29,Sandy,1,,,Glen Iris,"3BR Glen Iris Gem - Sleeps 8, Near Train & Freeway",3,395,https://www.airbnb.com.au/rooms/1217006174063688791,https://www.airbnb.com.au/users/profile/1470623084140161798,WEAK,$395/nt - low budget,
30,Kevin,1,,,Brighton East,4BR Serene Luxury Retreat in Brighton East,4,349,https://www.airbnb.com.au/rooms/1104526798877699685,https://www.airbnb.com.au/users/profile/1469390215836567222,WEAK,rating 4.63 soft; $349/nt - low budget,
31,Vivi,1,,,Docklands,Stunning 3BR | 3 Bath | Pool | 2 Car Parks | Views,3,348,https://www.airbnb.com.au/rooms/1749989458545031212,https://www.airbnb.com.au/users/profile/1499986091963461501,WEAK,only 1 reviews - unproven; $348/nt - low budget,
32,Emma,1,,,Port Melbourne,Luxurious 4 Bed Home 5min from beach & city,3,334,https://www.airbnb.com.au/rooms/1416992879309722484,https://www.airbnb.com.au/users/profile/1465514682571601119,WEAK,$334/nt - low budget,
33,Marios,1,,,Moonee Ponds,Luxury Family Home - Pool & Basketball court,4,300,https://www.airbnb.com.au/rooms/1287785273053845110,https://www.airbnb.com.au/users/profile/1462700838929187116,WEAK,$300/nt - low budget,
34,Ineke,1,,,Toorak,Lux Toorak Family home with pool & designer garden,4,,https://www.airbnb.com.au/rooms/20621099,https://www.airbnb.com.au/users/profile/1468445527769367054,KEEP,,
35,Yudo,1,,,Southbank,The Avenue - City Escape near Arts & Botanic Gardens,4,,https://www.airbnb.com.au/rooms/1542319150680297277,https://www.airbnb.com.au/users/profile/1487973698989955507,WEAK,rating 4.65 soft,
36,Katie,1,,,Melbourne CBD,Spacious 4 brm Gem right in the heart of the city,4,,https://www.airbnb.com.au/rooms/754497247691433002,https://www.airbnb.com.au/users/profile/1462833800549487558,KEEP,,
37,Kiran And Mark,1,,,Docklands,"Unique 4-Bedroom Apt. with Balcony | Casino, MCEC",4,,https://www.airbnb.com.au/rooms/1060512055390232183,https://www.airbnb.com.au/users/profile/1463793155903950099,WEAK,rating 4.64 soft,
38,Eliza,1,,,Port Melbourne,The Bayside Social on Nott Port Melbourne,5,,https://www.airbnb.com.au/rooms/1592361708803846198,https://www.airbnb.com.au/users/profile/1592360507762373343,KEEP,,
39,Luxe Residences,1,,,Port Melbourne,Luxury 3BR w Rooftop | Spacious & Modern | Sleep 8,3,,https://www.airbnb.com.au/rooms/1538466954422538675,https://www.airbnb.com.au/users/profile/1538466955059356331,WEAK,rating 4.71 soft,
40,Jason,1,,,Malvern,Luxury 4b/3.5b Modern Sauna Gym Garden House,4,,https://www.airbnb.com.au/rooms/902470565293994845,https://www.airbnb.com.au/users/profile/1462654914553343192,WEAK,only 3 reviews - unproven,
41,Daniel,1,,,Alphington,"Alphington Retreat: Pool, Spa & Home Cinema",4,,https://www.airbnb.com.au/rooms/1746472087709954326,https://www.airbnb.com.au/users/profile/1465423935830327622,WEAK,only 1 reviews - unproven,
